id,first_name,last_name,gender,city
1,Pen,Carnoghan,Female,Nebug
2,Florenza,Ladlow,Female,Tamansari
3,Finlay,Purchon,Male,Aş Şaff
4,Jada,Adin,Female,Austin
5,Christiana,Rousell,Female,Kozelets’
6,Tammie,Ahmed,Male,Arroyo Salado
7,Coleman,Pawelke,Male,Caronoan West
8,Dilan,Amos,Male,Patong
9,Lorraine,Perroni,Female,San Miguel
10,Kingsley,Rebichon,Male,Hidalgo
11,Abbot,Veazey,Male,Loukhi
12,Cosimo,Buttle,Male,Itumbiara
13,Shurwood,Spraggon,Male,Nueva Gorgona
14,Keri,Mumbeson,Female,Montinho
15,Sydney,Cressey,Female,Zhenxi
16,Tilly,Sparsholt,Female,Bogoria
17,Gilberte,Livett,Female,Karnice
18,Jacquelynn,Crosswaite,Female,Margacina
19,Nicola,Tolworthy,Male,Krasyliv
20,Hyacinthie,Whittick,Female,Stockholm
21,Pooh,Toner,Male,Błażowa
22,Janna,Bockman,Female,Barrouallie
23,Mathe,Thys,Male,Slobodskoy
24,Lynnet,Hammersley,Female,Séguéla
25,Sibella,Sharvill,Female,Sala
26,Federica,Rosin,Female,Lysá nad Labem
27,Emmi,Middup,Female,Dosso
28,Farley,Scarasbrick,Male,Marale
29,Chico,Conkling,Male,Guardizela
30,Prue,Hakeworth,Female,Guinsang-an
31,Bart,Dobbs,Male,Helmas
32,Beatrice,Cawdron,Female,Tysmenytsya
33,Seward,Hollingshead,Male,Znamenskoye
34,Lana,Drewry,Female,Rizokárpaso
35,Zollie,Pendleberry,Male,Shuitianhe
36,Connie,Sultana,Male,Banjaranyar
37,Erroll,Heigho,Male,Sasar
38,Carri,Crim,Female,Gitega
39,Hendrick,Neiland,Male,Kiruru
40,Silvanus,Wavell,Male,Shamva
41,Lynna,Streeten,Female,Kristiansand S
42,Inessa,Scotsbrook,Female,Karaundi
43,Alyosha,Wilton,Male,Zihu
44,Alia,Quipp,Female,Potikosin
45,Selinda,Lorne,Female,Grammatikó
46,Ranique,Bramley,Female,Biao
47,Saw,Chaffen,Male,Garnich
48,Anthiathia,Stollmeier,Female,Ailuk
49,Jaymee,Mcettrick,Female,Uhniv
50,Regan,Meake,Female,Eastern Suburbs Mc
51,Evy,Tiffin,Female,Bačka Palanka
52,Cinderella,Owthwaite,Female,Whittier
53,Kennie,Svanini,Male,Cibogo
54,Rancell,Walcher,Male,San Martín Zapotitlán
55,Flynn,Gustus,Male,Xintang
56,Cairistiona,Pepin,Female,Khāliş
57,Rowan,Rickards,Male,Skoghall
58,Sig,Hubery,Male,Al ‘Ulá
59,Bevan,Hegley,Male,Nangen
60,Hube,Mortell,Male,Banjar Dauhpura
61,Victoir,Whimpenny,Male,Wissembourg
62,Galvan,Climson,Male,Aoji-ri
63,Evey,Shafto,Female,Skomielna Czarna
64,Karlan,Lyles,Male,Majiang
65,Brandea,Lightbourn,Female,Lukunor
66,Kiah,Eitter,Female,Aragarças
67,Brandy,Vedenisov,Female,Reisdorf
68,Mylo,Belsham,Male,Chaínça
69,Cybil,Wychard,Female,Novoshakhtinsk
70,Edd,Neesham,Male,Socorro
71,Raddy,Kaaskooper,Male,Xinhuang
72,Albert,Wimbury,Male,President Roxas
73,Hughie,Wodham,Male,Mokronog
74,Lem,Normanville,Male,Cibeusi
75,Elysia,Castro,Female,Tijão
76,Carley,Asher,Female,Cikadu
77,Nataniel,Galier,Male,Konstantinovskoye
78,Niel,Bowmen,Male,Fraile Pintado
79,Micheal,Fisby,Male,Bla
80,Kalie,Hanscom,Female,Salamina
81,Lucina,Messenbird,Female,Sumanding
82,Bob,Youson,Male,Mineralni Bani
83,Temp,Ferronel,Male,Serra Talhada
84,Giulia,Grigorey,Female,Sukarame
85,Zaria,Ubanks,Female,A’ershan
86,Kristyn,Tootal,Female,Dapdap
87,Thain,Ferentz,Male,Shanjeev Home
88,Wolfgang,Pyson,Male,Tvŭrditsa
89,Guglielma,Passy,Female,Santa Ana
90,Linnea,Vidyapin,Female,Albuera
91,Romona,Fontaine,Female,Lapuz
92,Queenie,Rollitt,Female,Greenland
93,Armando,De Beauchamp,Male,Billings
94,Marcela,Kiessel,Female,Cartagena
95,Ferdinanda,Nassi,Female,Ujar
96,Veronique,Bennike,Female,Guyang
97,Jaynell,Arlt,Female,Lunang
98,Damian,Iston,Male,Wuppertal
99,Graeme,Franseco,Male,Jamundí
100,Powell,Rosier,Male,Tangyu
101,Benjy,Labes,Male,Bykivka
102,Henriette,Soper,Female,Taiping
103,Correy,Strand,Male,Szeged
104,Trixi,Udy,Female,Sambava
105,Shena,Oag,Female,Synya
106,Yankee,Doorey,Male,Kalibunder
107,Benedicta,Davers,Female,Masallātah
108,Alberto,Trevino,Male,Bom Conselho
109,Ulises,Dummer,Male,Cangshan
110,Sonnnie,Franschini,Female,Gangsha
111,Hendrik,Burger,Male,Bugojno
112,Olenka,Weinberg,Female,Kyrylivka
113,Delia,Barreau,Female,Karangharjo
114,Inness,Priel,Male,Radom
115,Alie,Badgers,Female,Npongge
116,Huntington,Pilch,Male,Pagersari
117,Ignatius,Sowrey,Male,Istres
118,Art,Prevett,Male,Wuyo
119,Cirillo,Feakins,Male,Faraulep
120,Ermentrude,Parncutt,Female,Nice
121,Engracia,Tomek,Female,Tehetu
122,Jerrome,Boffin,Male,Václavovice
123,Rayna,Weich,Female,Batuna Satu
124,Michaella,Garth,Female,Santo Antônio de Jesus
125,Lucina,Holsall,Female,Dachnoye
126,Channa,Beamish,Female,Keroak
127,Witty,Carluccio,Male,Pedro Carbo
128,Giavani,Juniper,Male,Xindian
129,Gardner,Lamasna,Male,Rudnyy
130,Ludwig,Minghella,Male,Cergy-Pontoise
131,Constancy,Sherrum,Female,Gaojingzhuang
132,Ingelbert,Burgiss,Male,Jargalant
133,Mortimer,Gomery,Male,Shchukino
134,Stillmann,Shelford,Male,Upi
135,Tedmund,Gumbrell,Male,Bastia
136,Hesther,Brind,Female,Jönköping
137,Hermy,Hainning,Male,Lebane
138,Eilis,Brasner,Female,Schiltigheim
139,Herschel,Callum,Male,Bizana
140,Olin,Sellan,Male,Águas de Lindóia
141,Ingram,Le Provost,Male,Prómachoi
142,Gale,Lakeland,Male,Padangulaktanding
143,Zackariah,Miall,Male,Bonn
144,Corella,Jeannesson,Female,Solidaridad
145,Kattie,Cristea,Female,Kobayashi
146,Victoir,Huish,Male,Núi Đối
147,Clareta,Pyle,Female,Dahuaishu
148,Venus,Sute,Female,Krzeszów
149,Dalila,Heggadon,Female,Besançon
150,Morten,Guwer,Male,Chodová Planá
151,Finlay,Facer,Male,Strellc i Epërm
152,Zebulen,Iczokvitz,Male,Xin’andu
153,Norrie,Yacob,Male,Bang Kruai
154,Hedy,Phillpotts,Female,Burrel
155,Kenyon,Richel,Male,Rekowo Dolne
156,Yance,Petrenko,Male,Haiyan
157,Erich,Ilyukhov,Male,Cisalak
158,Eleonore,Huelin,Female,Joypur Hāt
159,Blair,Extance,Male,Canguçu
160,Keith,Eastwood,Male,Pétange
161,Wade,Candlin,Male,Mungging
162,Alley,Cadreman,Male,Savannah
163,Babb,Gawthorp,Female,San Juan
164,Lodovico,Megarrell,Male,Semikarakorsk
165,Estele,Geere,Female,Rossosh’
166,Killie,Varrow,Male,Zamora
167,Morgan,Broomhead,Male,Göteborg
168,Kendrick,Gravenall,Male,Vysokovsk
169,Annetta,Rosenstock,Female,Tchaourou
170,Cheryl,Gentil,Female,Independencia
171,Ilse,Fife,Female,Kalāt
172,Kay,Waldrum,Female,Saint John
173,Grover,Alford,Male,Akhtarīn
174,Stanwood,Silwood,Male,Kabarnet
175,Renie,Guislin,Female,Gostovići
176,Fabiano,Greggor,Male,Terter
177,Hamel,Edinburough,Male,Vingåker
178,Margo,Duckhouse,Female,Lyamino
179,Karly,Hovington,Female,El Estor
180,Cordey,Tidcomb,Female,Ręczno
181,Pernell,Quene,Male,Jampang Tengah
182,Ricki,Goodanew,Male,Banjar Lalangpasek
183,Dudley,Spur,Male,Geshan
184,Madison,Frankcomb,Male,Chang’an
185,Hal,Hooke,Male,Uliastay
186,Alica,Jansema,Female,Páno Polemídia
187,Olag,Lorence,Male,Tagapul-an
188,Duke,Magee,Male,Bang Bo District
189,Symon,Vasilkov,Male,Port Maria
190,Vaughn,Cotelard,Male,Stírion
191,Costanza,Lukianovich,Female,Itapecerica da Serra
192,Boycey,Stickells,Male,Mętków
193,Mort,Terrey,Male,Frederiksberg
194,Mureil,Willcock,Female,Kalutara
195,Jo,Chastenet,Male,Reims
196,Darius,Jakobssen,Male,Guishan
197,Vernon,Zack,Male,Pyrgetós
198,Dane,Lorenz,Male,K’anak’erravan
199,Minne,Malcolmson,Female,Kakuda
200,Edythe,Bricksey,Female,Kampungdesa
201,Elfrida,Noir,Female,Nanhu
202,Elysha,Tulleth,Female,Sorokino
203,Jessalyn,O'Cannovane,Female,Emiliano Zapata
204,Garrard,Dykins,Male,Singapore
205,Gregg,Izsak,Male,Prienai
206,Laurie,Kingscott,Female,Norrköping
207,Rebe,Fowkes,Female,Szamotuły
208,Patsy,Tidswell,Male,Ibirama
209,Shamus,O'Crowley,Male,Sukaraja
210,Gard,Stidever,Male,Al Khārijah
211,Danie,Hazelgrove,Male,Badu
212,Romain,MacKaig,Male,Shiqiao
213,Fredrick,Olanda,Male,Kuty
214,Kaycee,Mangeney,Female,Duozhu
215,Timofei,Brahms,Male,Igir-igir
216,Rafe,Southcomb,Male,Ternate
217,Rog,Temblett,Male,Nirasaki
218,Jason,Cuddehy,Male,Kebonagung
219,Amelita,Horstead,Female,Nueve de Julio
220,Baillie,Blaxland,Male,Locminé
221,Sella,Greswell,Female,Chybie
222,Carolee,Messer,Female,Vorontsovka
223,Arnuad,Wraggs,Male,Cabeçudos
224,Brig,Pillans,Male,Letsheng
225,Patty,Chantree,Female,Karangsembung
226,Rafaello,Lanfer,Male,Cisasak
227,Janos,Finlater,Male,Ulluaya
228,Truda,Di Angelo,Female,Moutsamoudou
229,Marjie,Grigoryev,Female,Māymay
230,Libby,Simmell,Female,Klana
231,Ivett,Draijer,Female,Linoan
232,Hildagarde,Keynd,Female,Pszczew
233,Phillis,Gouldie,Female,Bălţi
234,Nickola,Garces,Male,Arauá
235,Joaquin,Karlolak,Male,Voronezh
236,Melitta,Ratie,Female,Huanglong
237,Logan,Rumsey,Male,Nouâdhibou
238,Dennie,Badsey,Male,Meybod
239,Theressa,Clewett,Female,Dongxi
240,Charlotte,Crutch,Female,Magdug
241,Corinna,Kerin,Female,Gaimán
242,Aarika,Sharp,Female,Troitskiy
243,Mable,McGreary,Female,Taoyuan
244,Philbert,Pitney,Male,Argostólion
245,Jennifer,Teape,Female,Vilcún
246,Ronnie,Josse,Female,Lile
247,Linea,Whitters,Female,Pokrzywnica
248,Shalom,Ferrant,Male,Krajan Atas Suger Lor
249,Ede,Toombes,Female,Goz Béïda
250,Lauraine,Wemyss,Female,Calvinia
251,Maryanne,Crickmore,Female,Tagasilay
252,Phebe,Dockreay,Female,Tangfang
253,Shantee,Doutch,Female,Serang
254,Kristy,MacCourt,Female,Philadelphia
255,Gibbie,Noblett,Male,Yaohua
256,Kaiser,Bing,Male,Verkhniy Lomov
257,Iosep,Simmance,Male,Panggunguni
258,Rebeca,Van Ross,Female,Siteki
259,Erv,Carmont,Male,Youzha
260,Shandra,Bendle,Female,Greeley
261,Philippine,Kerans,Female,Vitina
262,Drew,Killiner,Male,Marseille
263,Jolynn,Kupis,Female,Tafraout
264,Balduin,Gooders,Male,Wu’erbu Baolige
265,Hal,Kaesmans,Male,Plessisville
266,Louise,Dyhouse,Female,Jinping
267,Lorne,Dabinett,Male,Shangying
268,Dacie,Stubbings,Female,Vroutek
269,Feodor,Duffin,Male,Yanqul
270,Lizabeth,Bredes,Female,Kilindoni
271,Jimmy,Ryman,Male,Songjiang
272,Timmy,Meldrum,Male,Borovskiy
273,Robinette,Tilne,Female,Terpsithéa
274,Ursulina,Sango,Female,Hualongyan
275,Vivianna,Laughrey,Female,Fuwayriţ
276,Kittie,Cattini,Female,Tyresö
277,Corbet,Romanin,Male,Huwan
278,Inglis,Jeff,Male,Landerneau
279,Innis,Storrar,Male,Волочаевское
280,Alair,Flamank,Male,Elekmonar
281,Hillie,Southwick,Male,Benito Juarez
282,William,Eichmann,Male,Fafe
283,Keane,Genge,Male,Vila de Sal Rei
284,Sianna,Phelps,Female,Dula’er Ewenke Minzu
285,Ricky,Collumbine,Female,Svislach
286,Sebastian,Smalls,Male,San Fernando
287,Tomkin,Malloy,Male,Kitāf
288,Waldemar,Covington,Male,Malé Svatoňovice
289,Ambros,Malcolmson,Male,Cinyawar
290,Dennis,Gumby,Male,Burgau
291,Erinna,McGuire,Female,Shimen
292,Kip,Sewell,Male,Girihieum
293,Kristoforo,Skym,Male,Rizal
294,Louis,Hatherley,Male,København
295,Morissa,Ferreli,Female,Conceição do Jacuípe
296,Denice,Ibbeson,Female,Wan Yai
297,Archambault,Perfect,Male,Junshan
298,Glynn,Ridulfo,Male,Sanhe
299,Gar,Angeau,Male,Peroguarda
300,Derry,LAbbet,Male,Chelgard
301,Corny,Sueter,Female,Alajuelita
302,Jayson,Bolles,Male,Requena
303,Brig,Quinane,Male,Altanbulag
304,Celene,Branscombe,Female,Lanuza
305,Merla,Oakenfull,Female,Xintang
306,Nathanael,Mackriell,Male,Charlotte
307,Salomone,Terram,Male,Talalora
308,Myra,Ravenshaw,Female,Bafang
309,Peggi,Mattack,Female,Kontiolahti
310,Sherri,Blackburne,Female,Quimper
311,Calida,Tullett,Female,Stockholm
312,Aridatha,Lusgdin,Female,Banjarejo
313,Steward,Bortol,Male,Santa Apolonia
314,Clemmy,Fairhead,Female,Rudong
315,Mab,Trimme,Female,Mikstat
316,Corrie,Hartup,Male,Disina
317,Justus,Vigus,Male,Jamaica
318,Tomlin,Andrioni,Male,Zürich
319,Cleve,LaBastida,Male,Majiadu
320,Donny,Kenforth,Male,Alcanena
321,Joete,Johns,Female,Ochër
322,Glennie,Oram,Female,Kinnula
323,Sofia,Spilling,Female,El Alamo
324,Idell,Thornton-Dewhirst,Female,Mercedes
325,Chaim,Meddows,Male,Puncakwangi
326,Farand,Huggins,Female,Sindangsari
327,Matilda,Andrusyak,Female,Retkovci
328,Flossy,Bramhall,Female,Magtangol
329,Loy,Christall,Male,Strömsund
330,Abbe,Runciman,Female,Huasta
331,Iolande,Tupie,Female,Shchūchīnsk
332,Alexia,Hellmore,Female,Krebetkrajan
333,Dag,Pawlicki,Male,Korenëvo
334,Jayson,Totterdill,Male,Puerto Asís
335,Karry,Senyard,Female,Long Loreh
336,Galina,Strewthers,Female,Kapotnya
337,Dale,Dunkerly,Male,Buenaventura
338,Diena,Ballefant,Female,Hashaat
339,Glendon,Commuzzo,Male,Cuauhtemoc
340,Bard,Moran,Male,San José
341,Clive,Stow,Male,Kakamas
342,Shaun,Mantle,Male,Karanglo
343,Eal,Jaquemar,Male,Korolev
344,Karolina,Mixworthy,Female,Zaandam
345,Rosemarie,Goshawk,Female,Otwock
346,Marabel,Killiner,Female,Portumna
347,Annmaria,Valenta,Female,Fermelã
348,Waldon,Gannan,Male,Mirzāpur
349,Rudd,Edmondson,Male,Böhöt
350,Blaine,Redwing,Male,Asaita
351,Adrian,Craiker,Male,Shiki
352,Stephana,Skyppe,Female,Kokaj
353,Johannes,Gilbart,Male,Nong Khaem
354,Garry,Garvagh,Male,Monte Branco
355,Lian,Guerreru,Female,Outeiro de Polima
356,Deny,Biever,Female,Al Balyanā
357,Rodger,Widmoor,Male,Kulase
358,Marianne,Annon,Female,Pásion
359,Mar,Aicheson,Male,Quebradas
360,Stacee,Gasgarth,Male,Muff
361,Les,Iles,Male,Catania
362,Cassandra,O'Deegan,Female,Pouso Alegre
363,Joshua,Durrand,Male,Pocohuanca
364,Rutherford,Crickett,Male,Linzi
365,Gregorio,Dykes,Male,Velyki Kopany
366,Reg,Hargate,Male,Beaufort
367,Holly-anne,Blankman,Female,Opuwo
368,Martynne,Pipet,Female,Yelizavetino
369,Shep,McKinstry,Male,Igbo-Ukwu
370,Aurilia,Bolesma,Female,Ikaalinen
371,Malinda,Featenby,Female,Ishige
372,Lonni,Mairs,Female,Kirkkonummi
373,Bradan,Portsmouth,Male,Yablochnyy
374,Pamelina,Joliffe,Female,Ambarakaraka
375,Sofia,Haydney,Female,Baoxia
376,Rodrick,Nutbrown,Male,Huangnan
377,Darsey,Tickner,Female,Lendava
378,Florance,Ropp,Female,Cañazas
379,Bernhard,Runnalls,Male,Xichehe
380,Avictor,Barbrook,Male,Maguan
381,Vera,Dupoy,Female,Nice
382,Justin,O'Dyvoy,Male,Aranhas
383,Marcela,Dorgan,Female,Panimbang
384,Sean,Bulward,Male,Nanping
385,Angel,Dehmel,Male,Granada
386,Aloysius,Jodrellec,Male,Kuala Lumpur
387,Martin,Raddish,Male,Ichinoseki
388,Clarke,Ansill,Male,Lucé
389,Reinaldos,Bowmer,Male,Kishkenekol’
390,Patrice,Romaynes,Male,Lac-Mégantic
391,Cherlyn,Chopy,Female,Bakuriani
392,Jaquenette,Geertz,Female,Nanqiu
393,Peria,Rydzynski,Female,Undurkhaan
394,Chauncey,Grimwade,Male,Moryń
395,Templeton,Denisovo,Male,Rudong
396,Bathsheba,Seath,Female,Bloomington
397,Damon,Soot,Male,Yangping
398,Gwenny,Bexon,Female,Patos Fshat
399,Robyn,Conrad,Female,Pucyura
400,Peder,Fideler,Male,Cartagena
401,Kenn,Wong,Male,Lubbock
402,Jolee,Einchcombe,Female,Sājir
403,Matty,Pressland,Male,Perivólia
404,Eleonora,Figger,Female,Yongfeng
405,Nita,Polle,Female,Alto Río Senguer
406,Esdras,Dominiak,Male,Digkilaan
407,Falkner,Chomicz,Male,Tibigan
408,Ron,Skeemor,Male,Piñahan
409,Tiler,McCumesky,Male,Cihampelas
410,Cindelyn,Southgate,Female,Bejuco
411,Jennette,Nimmo,Female,Mirontsi
412,Frayda,Faldo,Female,Zigong
413,Douglas,Bleesing,Male,Baykonyr
414,Sapphira,Menicomb,Female,Tanahmerah
415,Petronella,Nobriga,Female,Pingyi
416,Jareb,Headon,Male,Itagüí
417,Dmitri,Drennan,Male,Melaka
418,Garrott,Bilbey,Male,Xibu
419,Barbe,Kupec,Female,Kromasan
420,Harlan,Morrid,Male,Meylan
421,Clair,Fluin,Female,Vilares
422,Constancia,Shulem,Female,Tervel
423,Eleni,Bitcheno,Female,Jincang
424,Gilberte,Phillpotts,Female,Mberubu
425,Kikelia,Mulrean,Female,Cabimas
426,Yalonda,Bowsher,Female,As Samawah
427,Titus,Pray,Male,Guarujá
428,Georgette,Grigsby,Female,Kishi
429,Chicky,Stanway,Male,Pashkovskiy
430,Kathryne,Ruben,Female,Cikarang
431,Kori,Paunsford,Female,Próti
432,Freemon,Tyzack,Male,El Estor
433,Adelle,Albone,Female,Morong
434,Toma,Dragon,Female,Sutton
435,Corey,Krolman,Female,Police nad Metují
436,Archy,Lilleycrop,Male,Malangwa
437,Zared,Romei,Male,Ichinomiya
438,Emelen,Coweuppe,Male,Gandekan
439,Jessalyn,Cowitz,Female,Kárystos
440,Delano,Baalham,Male,Pulorejo
441,Charisse,Hearnaman,Female,La Escondida
442,Piper,Larroway,Female,Akureyri
443,Artur,Lafont,Male,Poshnje
444,Barbee,Alvarado,Female,Postřekov
445,Terra,De Launde,Female,Piraquara
446,Frannie,Schechter,Male,Brasília
447,Hewet,Cutting,Male,Bègles
448,Arturo,Keetch,Male,Arboga
449,Wilhelm,O'Doireidh,Male,Roanoke
450,Cesare,Garett,Male,Dongxin
451,Neddy,Gauvin,Male,Daping
452,Augustine,Lashley,Female,Yuhang
453,Maxy,Sweatland,Male,Shangping
454,Oren,Filip,Male,Shanhou
455,Tracee,Johansson,Female,Paris 02
456,Emlyn,Sporgeon,Female,Campoverde
457,Hughie,Deaves,Male,Napu
458,Evin,Mariette,Male,Hondo
459,Briggs,Duigan,Male,Guinoaliuan
460,Tadd,Antwis,Male,Sokolo
461,Claus,Balducci,Male,Plataran
462,Jarrad,Gaukrodge,Male,Shigutang
463,Jessie,Beeston,Male,Ernestinovo
464,Franklyn,Darycott,Male,Menggusi
465,Viv,Masdin,Female,Weitang
466,Markos,Ivashev,Male,Shangtianba
467,Delcina,Braga,Female,Ostrožská Nová Ves
468,Tome,Shelly,Male,Tabira
469,Genny,Passion,Female,Moss
470,Jennine,Wharram,Female,Longtan
471,Alli,Hannis,Female,Brinje
472,Darsey,Gaunt,Female,Boliden
473,Rania,Scopham,Female,Chagoda
474,Piggy,Ashpole,Male,Xuling
475,Rebecca,Fairbrace,Female,San Felipe
476,Kingston,Helin,Male,Filótion
477,Devin,Alliott,Male,Gaoshi
478,Reece,McIllroy,Male,Siqian
479,Bunnie,Paynter,Female,Sebeta
480,Booth,Ungaretti,Male,Lunsar
481,Dyan,Rainforth,Female,Washington
482,Sigismond,Anchor,Male,Sioux City
483,Janice,Fridaye,Female,Palma Soriano
484,Sansone,Durram,Male,Fuxing
485,Corissa,Emblen,Female,Vitoria-Gasteiz
486,Ethelred,Stollenberg,Male,Torslanda
487,Brand,Pendleberry,Male,Sujji
488,Nichols,Arnhold,Male,Washington
489,Martainn,Hitzke,Male,Krajan Satu
490,Drucy,Chawkley,Female,Bayanhoshuu
491,Shepperd,Stearns,Male,Baizhu
492,Marthe,Batchan,Female,Paracatu
493,Claybourne,Finessy,Male,Bekwai
494,Amery,Senton,Male,Tuapse
495,Perle,De Blasiis,Female,Linköping
496,Lisa,Vaszoly,Female,Boquira
497,Justinian,Nuttall,Male,Ngaoundéré
498,Giacopo,Millhill,Male,Novokhovrino
499,Lindon,Beat,Male,Surenavan
500,Gerhardine,Gildersleeve,Female,Chester
501,Jorry,Snodden,Female,Poggio di Chiesanuova
502,Piggy,Wattingham,Male,Krajan C Wonorejo
503,Fiorenze,Kingston,Female,Ganyan
504,Claudius,Djorevic,Male,Medvedevo
505,Vicki,Larway,Female,Pakel
506,Euell,Brend,Male,Ruyigi
507,Olympia,Macklam,Female,Hongjiaguan
508,Hendrika,Skeeles,Female,Rongcheng
509,Syman,Morgan,Male,Jiaomingsi
510,Dani,Adrianello,Female,Kavajë
511,Amaleta,Glencrash,Female,Oenopu
512,Tresa,Maling,Female,Zaoxi
513,Brandais,Gillis,Female,Chebba
514,Alf,Pascoe,Male,Xia’ertai
515,Kellby,Greenlies,Male,Emiliano Zapata
516,Thadeus,Tupie,Male,Zacatecoluca
517,Moselle,Espinos,Female,München
518,Brandtr,Shortt,Male,Calumpang
519,Kennedy,Alston,Male,Oullins
520,Hildagard,Begg,Female,Macatuba
521,Brandy,Hounsom,Male,Medveditskiy
522,Tomasina,Pedlar,Female,Santos
523,Binni,Pyburn,Female,Donnycarney
524,Rafa,Caltun,Female,Kobylin
525,Robinette,Grindrod,Female,Créteil
526,Randolf,Garvey,Male,Mmaaf
527,Baillie,Bretherton,Male,Laramate
528,Farlee,Timbs,Male,Dungang
529,Shaun,MacRierie,Female,Jinhe
530,Averil,Lum,Male,San Francisco
531,Eveleen,Leebeter,Female,Jingnao
532,Lion,Czapla,Male,Tatarsk
533,Anitra,Canby,Female,Neftobod
534,Giana,Stillert,Female,Rizó
535,Annadiane,Daton,Female,Hulan
536,Cort,Lamblin,Male,Miguel Aleman
537,Jeremie,Halsted,Male,Sumbersih
538,Wittie,Lukins,Male,Corumbá
539,Dori,Silbersak,Female,San Mateo
540,Valentino,St Angel,Male,Bang Rak
541,Dicky,Clampett,Male,Olleros
542,Granger,Ranahan,Male,Doumen
543,Caritta,Gunningham,Female,Ugba
544,Becki,Goly,Female,Maripa
545,Yard,Bains,Male,Guolemude
546,Torrey,Heersma,Male,Kepoh
547,Rodi,Bolzmann,Female,Lansing
548,Nonie,Coils,Female,Changyi
549,Milena,McGinn,Female,Rego
550,Phoebe,Stallwood,Female,Sundbyberg
551,Agatha,Fuke,Female,Vasil’yevskiy Mokh
552,Valentin,Kellogg,Male,Dongjiahe
553,Bobbe,Grossier,Female,Dū Qal‘ah
554,Garrett,Lipman,Male,Daze
555,Dorella,Devon,Female,Xichang
556,Esther,Grabeham,Female,Kangaslampi
557,Guillemette,Farahar,Female,Kiambu
558,Jessika,Phipard-Shears,Female,Carapelhos
559,Karoline,Tillett,Female,Taverny
560,Sapphire,Trustie,Female,Chak Two Hundred Forty-Nine TDA
561,Lonny,Craighead,Male,Lyubech
562,Finn,Cahillane,Male,Rancharia
563,Sylvan,Bignold,Male,Khiliomódhi
564,Zane,Yerill,Male,Ādīs Zemen
565,Nevil,Bellhanger,Male,Tiechang
566,Rayna,Broxap,Female,Xiaoshi
567,Murvyn,Simison,Male,Chixi
568,Payton,Curnick,Male,Mosty
569,Eloisa,Karmel,Female,Biecz
570,Bess,Genders,Female,Lindavista
571,Brenna,Cantera,Female,San José de Río Tinto
572,Ondrea,Penning,Female,Gorskaya
573,Gina,Renzullo,Female,Vårdö
574,Duff,Offen,Male,Syktyvkar
575,Issy,Klainer,Female,Kowale Oleckie
576,Ethelbert,Adhams,Male,Capellanía
577,Arther,Sharple,Male,Xufeng
578,Dalila,Emblem,Female,Gangmei
579,Mahala,Magog,Female,Pingding
580,Pascale,Bromet,Male,Estrada
581,Aron,Oboy,Male,Afareaitu
582,Layney,Asipenko,Female,Alibunan
583,Olympe,Iredell,Female,Santa Vitória do Palmar
584,Bernarr,Inworth,Male,Logroño
585,Kittie,Carlan,Female,Amagasaki
586,Katha,Hillen,Female,Jinqiao
587,Mason,Dodd,Male,Komprachcice
588,Nelli,Comfort,Female,Ufa
589,Talya,Hariot,Female,Piracanjuba
590,Aleda,McJarrow,Female,Toulouse
591,Torey,Hames,Female,Luba
592,Isabeau,Sheavills,Female,Libertad
593,Corella,Corse,Female,Piasek
594,Harrie,Marchetti,Female,Qingshui
595,Simonette,McCann,Female,Xinjie
596,Shannen,Dengel,Female,Estaca
597,Benedikta,Giovannardi,Female,Shilu
598,Delcine,Morey,Female,Izhmorskiy
599,Rudiger,Klassmann,Male,Zhoukou
600,Sissie,Wardlow,Female,Baganhilir
601,Jone,Stiffkins,Male,Donghai
602,Sibylle,Clemett,Female,Saint-Raymond
603,Karita,Demchen,Female,Ibagué
604,Edmon,Robke,Male,Koysinceq
605,Minnnie,Clitsome,Female,Valleymount
606,Grayce,Broggio,Female,Volgo-Kaspiyskiy
607,Ronda,Stanbrooke,Female,Lucan
608,Jeannie,Grolmann,Female,Chambly
609,Bethany,Bleasby,Female,Gävle
610,Nollie,Charle,Male,Novotitarovskaya
611,Freedman,Blaxill,Male,Sembon
612,Amara,Wreiford,Female,La Esperanza
613,Gardiner,Ashwood,Male,Guwoterus
614,Deloria,Laviste,Female,Zilang
615,Winslow,Manchett,Male,Liancheng
616,Freemon,Theseira,Male,Winschoten
617,Jayson,Scandred,Male,Sapol
618,Baxie,Perutto,Male,Banaran
619,Liuka,Jowle,Female,Duru
620,Tiebout,Delete,Male,Kamenica
621,Kaleb,Francescoccio,Male,Orsk
622,Karna,McQuorkell,Female,Rancabolang
623,Cassi,Strick,Female,Warmare
624,Ariel,Antoni,Male,Chirkey
625,Free,Kimmerling,Male,Velingrad
626,Bink,Kinnen,Male,Socos
627,Patten,Dauby,Male,Qingyun
628,Cherianne,Braunds,Female,Jibiya
629,Freeman,MacKeague,Male,Oslo
630,Maury,Emblow,Male,Jeberos
631,Dicky,Dorkins,Male,Koina
632,Ethelda,Hazeldine,Female,Beberibe
633,Justinn,Sussems,Female,Dongfanghong
634,Crin,O'Grady,Female,Gradačac
635,Tatiana,Pisculli,Female,Nanhai
636,Georgeanna,Newick,Female,Itatskiy
637,Jane,Lock,Female,Bonanza
638,Standford,Kleyn,Male,Lappajärvi
639,Stavros,Vasyagin,Male,Espargos
640,Birch,Muggleston,Male,Šoštanj
641,Jean,Buggs,Male,Campos Gerais
642,Farah,Blakeden,Female,Osek nad Bečvou
643,Deeann,Doonican,Female,Limbe
644,Oberon,Rowlett,Male,Veiga
645,Mildrid,Dreng,Female,Néa Róda
646,Orazio,Franzel,Male,Al Muwayh
647,Kary,Ludmann,Female,Tamana
648,Conni,Armitt,Female,Al Khārijah
649,Gabriell,Roder,Female,Chengjiao
650,Minny,Luetkemeyer,Female,Gradec
651,Ursa,Gitthouse,Female,Tangshan
652,Kristen,Rohlf,Female,Yasinya
653,Franky,Nix,Male,Tlogosadang
654,Adore,Monteath,Female,Tepal
655,Alameda,Voules,Female,San Lorenzo de Esmeraldas
656,Teriann,Preator,Female,Bel Air Rivière Sèche
657,Broderick,Ogbourne,Male,Aranas Sur
658,Carol,McLleese,Female,Härnösand
659,Jaimie,Blowin,Male,Rejoyoso
660,Johny,Brandsma,Male,Tunal
661,Allyn,Lait,Male,Vale Boeiro
662,Gussi,Flinders,Female,Södertälje
663,Krissy,Bartali,Female,Thành Phố Phủ Lý
664,Vinita,Danne,Female,Enschede
665,Bevan,Monckman,Male,Yanweigang
666,Bastien,Fruchon,Male,Desa Borogojol
667,Raquel,Keer,Female,Limenária
668,Malia,Cristofalo,Female,Tonjongsari
669,Rodi,Brimman,Female,Pandanrejokrajan
670,Albertina,Cavy,Female,Gunziying
671,Teressa,Trassler,Female,Naguanagua
672,Gerti,Dennington,Female,Międzyrzecz
673,Lilla,Lawrie,Female,Fengtai
674,Donovan,Colhoun,Male,Ōmuta
675,Vernice,Cockayne,Female,Karatau
676,Marie-ann,Pinckard,Female,Rosice
677,Cordy,Keogh,Female,Marseille
678,Laurella,Robertis,Female,Nkhotakota
679,Christy,Turri,Male,Xinsheng
680,Daisie,Coope,Female,Kuala Lumpur
681,Sybilla,Pencott,Female,Makadi Bay
682,Foss,Leale,Male,Panao
683,Willette,Ceely,Female,Arauá
684,Cammie,Wride,Female,Lopar
685,Giles,Watkins,Male,Szczaniec
686,Lesley,Wheway,Male,Viljakkala
687,Francisco,Landall,Male,Villefranche-sur-Saône
688,Gerta,Lardner,Female,Potiskum
689,Armando,Ruperto,Male,Liuzu
690,Othella,Maypole,Female,Mosal’sk
691,Matelda,Pohling,Female,Cabedelo
692,Lela,Baverstock,Female,Bošnjaci
693,Sebastian,O'Griffin,Male,Yên Bái
694,Nata,Mumby,Female,Krajan Karanganyar
695,Dael,Gon,Female,Krông Kmar
696,Barbra,Goalby,Female,Lao Suea Kok
697,Emmalynne,Bamborough,Female,Xishaqiao
698,Gustaf,Phippin,Male,Naqadeh
699,Freddi,Greenstreet,Female,Roliça
700,Bettine,Meakin,Female,Ternate
701,Sascha,Pharro,Male,San Pedro
702,Sophia,Mower,Female,Bay Roberts
703,Sybille,Connochie,Female,Chaoyang
704,Bernard,Fransemai,Male,Huacaschuque
705,Hyacinthie,Avon,Female,Forshaga
706,Veronike,Goullee,Female,Tianchi
707,Megen,Crossfeld,Female,Jargalant
708,Hillery,Mokes,Male,Stará Huť
709,Bailie,Southwell,Male,Quinta
710,Ronny,Archbutt,Female,Zamora
711,Meade,Ablitt,Male,Long Beluah
712,Oliviero,Smye,Male,Longos
713,Gipsy,Crone,Female,Leon
714,Melonie,Iddy,Female,Sámi
715,Gregg,Dudley,Male,Lampa
716,Symon,Jorat,Male,Kalá Déndra
717,Loella,Bachs,Female,Mikołów
718,Kiley,Lankham,Male,Zapala
719,Bryce,McGenn,Male,Dongxiaokou
720,Nataniel,Tournie,Male,Linköping
721,Byram,Spleving,Male,Zhagang
722,Derwin,Knee,Male,Shiqiao
723,Tiebold,Ferrone,Male,Blackfalds
724,Berk,Routley,Male,Hankha
725,Lucy,Harverson,Female,Xihuaiba
726,Portia,Ellerey,Female,Al Qūşīyah
727,Jim,Barszczewski,Male,Umm as Sāhik
728,Bjorn,Striker,Male,Banraeaba Village
729,Lesli,Boolsen,Female,Gaspar Hernández
730,Clevie,Mylechreest,Male,Xianchiyu
731,Eddie,Dainty,Male,Ülken
732,Rutledge,Hing,Male,Chaoyangdong
733,Valene,O'Corr,Female,Liaoyang
734,Elisabeth,Bransom,Female,Ōmuta
735,Evangelin,Hillaby,Female,Kozlovice
736,Olia,Charge,Female,Louisville
737,Rheba,Hallows,Female,Bronkhorstspruit
738,Judith,Luberti,Female,Allada
739,Dredi,Beaumont,Female,Yunlong
740,Catlin,Wudeland,Female,Linëvo
741,Dell,Duerden,Male,Alberton
742,Joelly,Eaglestone,Female,Sanxiang
743,Brook,McCrachen,Male,Pangascasan
744,Rollin,Welford,Male,Brumado
745,Theodora,MacMeanma,Female,Taverny
746,Lacy,Aldwich,Female,Moville
747,Selena,Gerish,Female,Smārde
748,Amii,Leate,Female,Cuevas
749,Wood,Blackbourn,Male,Pagsabangan
750,Frasco,Ribeiro,Male,Ko Pha Ngan
751,Christie,Freear,Male,El Paso
752,Quentin,Kayser,Male,Paris 02
753,Jarrid,Titlow,Male,Xinbu
754,Veronica,Le Galle,Female,Marmashen
755,Diane-marie,Jumel,Female,Zheleznodorozhnyy
756,Caterina,O'Hallihane,Female,Alta Gracia
757,Diego,Bertot,Male,Ejidal
758,Abbott,Caslett,Male,Trzcińsko Zdrój
759,Kory,Lyver,Male,Beiyang
760,Dulcine,McPhillips,Female,Cigintung
761,Morgun,Kalkhoven,Male,Juan L. Lacaze
762,Ruthy,Klimentyev,Female,Mayumba
763,Zonnya,Sloam,Female,Baardheere
764,Aldous,Plaunch,Male,Tiron
765,Arlette,Goadby,Female,L'viv
766,Niki,MacNally,Female,Mastaiciai
767,Deonne,Pawlett,Female,Tianhekou
768,Henrie,Tansey,Female,Loštice
769,Claudio,Madle,Male,Gaoyan
770,Manfred,Dightham,Male,Cermee
771,Doloritas,Crockatt,Female,Bojongloa
772,Victoir,Treagust,Male,Zvëzdnyy
773,Daniela,Sydes,Female,Manyava
774,Hayward,Depke,Male,Lincheng
775,Syd,Kaygill,Male,Wohyń
776,Shandy,Wallbridge,Female,Bislig
777,Clayton,Giacubbo,Male,Marau
778,Mart,Tomasik,Male,Knyaginino
779,Orv,Cerro,Male,Mönsterås
780,Humfrid,Lancley,Male,Shuyuan Zhen
781,Flem,Lokier,Male,Jifarong
782,Shaun,McKeeman,Female,Furmanov
783,Lorenzo,Pettyfer,Male,Pulau Pinang
784,Clary,Wims,Female,Jinbi
785,Yuma,Canton,Male,Timashëvsk
786,Sky,Leaney,Male,Canedo
787,Merilee,Melluish,Female,Baxiangshan
788,Douglas,Soppit,Male,Lanling
789,Berenice,Brim,Female,Chwałowice
790,Vikki,Rathbone,Female,Gävle
791,Karry,Halliday,Female,Daixi
792,Seymour,Tilsley,Male,Kostinbrod
793,Loren,Feldmus,Female,Katsina-Ala
794,Corette,Heams,Female,Теарце
795,Phylis,Markovich,Female,La Caleta Culebras
796,Kristel,Klaggeman,Female,Rouen
797,Desirae,Irvin,Female,Cerinza
798,Georgette,Sommerlie,Female,Tulsīpur
799,Dehlia,Whitfield,Female,Pio
800,Lefty,Guilloneau,Male,Romny
801,Genevieve,Simonel,Female,Ronneby
802,Torin,Bradmore,Male,Long Loreh
803,Rance,Barens,Male,Xinpo
804,Saloma,Ick,Female,Yuecheng
805,Zacharias,Rosenbaum,Male,Lawonda
806,Nikki,McKevin,Female,Asaka
807,Noel,Brocks,Female,Kazlų Rūda
808,Hart,Willshaw,Male,Okhansk
809,Nancey,Slafford,Female,Tigaherang
810,Jason,Pepon,Male,Sarana
811,Daile,Francioli,Female,Piancheng
812,Godwin,Shorter,Male,Huangqiang
813,Carlye,Hugues,Female,Puerto Barrios
814,Phillie,Craigie,Female,Qizili
815,Lillian,Scotchmore,Female,Castanheira do Campo
816,Teddie,Dunlap,Female,Heping
817,Grissel,Bartlet,Female,Kālia
818,Tyler,Spellard,Male,Careva Ćuprija
819,Smith,Taffarello,Male,Río Limpio
820,Maitilde,Evitts,Female,Huanglin
821,Josiah,Newvill,Male,Freire
822,Anabella,Flatt,Female,Nemuro
823,Gisela,Gioani,Female,Duas Igrejas
824,Karia,Regan,Female,Mochishche
825,Joey,Huscroft,Male,Luzhou
826,Kaila,Gullberg,Female,Santiago de las Vegas
827,Gracia,Aleksidze,Female,Hatogaya-honchō
828,Dallon,Gallichiccio,Male,Temirtau
829,Jeddy,Bramham,Male,Jelah
830,Bonny,Dengel,Female,Bořitov
831,Moyna,Leppo,Female,Krajan
832,Babb,Willishire,Female,Pau
833,Maible,Falkner,Female,Al ‘Awjah
834,Waiter,Dowears,Male,Sakhnīn
835,Delila,Cope,Female,Katrineholm
836,Geordie,Maasze,Male,Xiashixiang
837,Valaria,Cridland,Female,Vila Maior
838,Tabbi,Belfit,Female,El Hamma
839,Leoine,Cuttin,Female,Nicoya
840,Laughton,Ferentz,Male,Cibangun Tengah
841,Spence,Kingzett,Male,Somanda
842,Ines,Arblaster,Female,Puck
843,Dorry,Killingworth,Female,Šmartno pri Litiji
844,Gallagher,Autin,Male,Santa Ignacia
845,Katleen,Naper,Female,Al Karāmah
846,Collin,Redier,Male,Salavat
847,Sean,Wilkin,Female,Alcala
848,Caldwell,Sobey,Male,San Isidro
849,Ailee,MacEnelly,Female,Växjö
850,Marianne,Lamar,Female,Sofiyivka
851,Tally,Vanyukhin,Male,Sacanche
852,Cammy,Ruck,Female,Krajanbaturno
853,Kirsten,Baybutt,Female,Suleja
854,Cathrine,Long,Female,Skórzec
855,Justino,Botterman,Male,Philadelphia
856,Angela,Rodger,Female,San Vicente Pacaya
857,Felicle,Patrick,Female,Kokologo
858,Abeu,Antonazzi,Male,Imari
859,Caresa,Norster,Female,Huliao
860,Almeda,Siverns,Female,Kaga Bandoro
861,Annnora,Harrold,Female,Plottier
862,Morrie,Barthrop,Male,Bayt ‘Ūr at Taḩtā
863,Calvin,Mogridge,Male,Kuala Lumpur
864,Junina,Rampton,Female,Shikhazany
865,Rosaleen,Lambregts,Female,Zaragoza
866,Fae,Irce,Female,Örebro
867,Burch,Slateford,Male,Beidou
868,Reinwald,Sex,Male,Pärnu
869,Fairlie,Lidell,Male,Nglengkong
870,Maxim,Pashen,Male,Bayt al ‘Awābī
871,Annabella,Orlton,Female,Lapi
872,Alonzo,Drennan,Male,Qorao’zak
873,Kittie,Vicker,Female,Monte
874,Neddy,Summerson,Male,Odesskoye
875,Eustace,Yankishin,Male,Jacaltenango
876,Hailey,Giorio,Male,San Fernando de Atabapo
877,Abelard,Cromleholme,Male,Omaha
878,Perkin,Jenicke,Male,Manalongon
879,Emelda,Molder,Female,Modderfontein
880,Donall,Hallen,Male,Reykjanesbær
881,Colline,Devall,Female,Kubachi
882,Sidonnie,Belcham,Female,Sanchahe
883,Zaccaria,Jeanneau,Male,Chantilly
884,Udell,Janczewski,Male,Saint-Bruno-de-Guigues
885,Shaylyn,Lethardy,Female,Vantaa
886,Simon,Bankes,Male,Lamak
887,Chris,Harbour,Female,Clichy
888,Jerrilyn,Edlestone,Female,Zhuangshi
889,Joe,Dockrell,Male,Kanazawa-shi
890,Harlan,Nancekivell,Male,Na Yong
891,Debbie,Palia,Female,Argivai
892,Bo,Cescon,Male,Guang’an
893,Boony,Petras,Male,Handegate
894,Lindsay,Sams,Male,Boshi
895,Aguie,Connar,Male,Krajan Ngerdani
896,Hertha,Le Maitre,Female,Yang Chum Noi
897,Keene,Gawthorpe,Male,Sammatti
898,Lita,Dreng,Female,Fuchang
899,Gabbi,Russam,Female,Uppsala
900,Cris,O' Hern,Female,Talghar
901,Emelen,Kighly,Male,Gengcheng
902,Fidelio,California,Male,Dingli
903,Dickie,Allans,Male,Gwadabawa
904,Teriann,Bute,Female,Bennäs
905,Merla,Choat,Female,Talas
906,Van,Botwright,Female,Torbeck
907,Shell,Galloway,Female,Hostěradice
908,Welby,Chatan,Male,Lubei
909,Cody,Langran,Male,Cibolang
910,Federico,Lednor,Male,Veselí nad Lužnicí
911,Jack,Raoul,Male,Jianli
912,Wrennie,Aldiss,Female,Caen
913,Conny,Purdey,Female,San Jose
914,Eal,Philott,Male,Bouaké
915,Beniamino,Peppin,Male,Shangsha
916,Hatti,Jehaes,Female,Ziniaré
917,Joey,Longhorn,Male,Repelón
918,Godfree,Farloe,Male,Rautalampi
919,Myriam,Kas,Female,Charleville-Mézières
920,Fonzie,Carp,Male,Rönninge
921,Gothart,Harlowe,Male,Rejasa Kaja
922,Pattie,Eckels,Female,Karangasem
923,El,Tevlin,Male,El Arenal
924,Locke,Leonard,Male,Mġarr
925,Neil,Curl,Male,Huangge
926,Schuyler,Parcall,Male,Yelyzavethradka
927,Doug,Shawyer,Male,Sidi Lamine
928,Brandon,Pain,Male,Mokwa
929,Sampson,Jowers,Male,Skrzyszów
930,William,Matyatin,Male,Tha Ruea
931,Gabey,Rame,Female,Fajões
932,Jourdain,Kaman,Male,Rivière-du-Loup
933,Jedidiah,Lippett,Male,Shīrvān
934,Karee,Eckh,Female,Khrystynivka
935,Aleda,Hesbrook,Female,Biguaçu
936,Minette,Crim,Female,Lýkeio
937,Addie,Farrall,Female,Al Jarrāḩī
938,Haily,Westrip,Female,Karlivka
939,Pavlov,Parsand,Male,Bollène
940,Elbertina,Fair,Female,Banfora
941,Thibaut,Swait,Male,Longxing
942,Gerrilee,Fluger,Female,Dartang
943,Kettie,Hackly,Female,Göteborg
944,Quentin,Mixworthy,Male,Delareyville
945,Ced,Dowgill,Male,Babao
946,Adolphe,Laroux,Male,Sarmanovo
947,Helaine,Tillerton,Female,Štore
948,Ardine,Downs,Female,Shanghu
949,Antonio,Aleso,Male,Zeguo
950,Calida,Baldassi,Female,Xihe
951,Marybelle,Leaning,Female,Seattle
952,Reinaldo,Kingswell,Male,Magay
953,Winnie,Culbard,Male,Pontevedra
954,Bentlee,Tissiman,Male,Cerrito
955,Melody,Kobsch,Female,Narathiwat
956,Jacinta,Blues,Female,Jansenville
957,Ransom,Campey,Male,Farīmān
958,Pincus,Harborow,Male,Jejkowice
959,Evey,Fritzer,Female,Jiaotan
960,Ali,Santen,Female,Jagodina
961,Inger,Klimpke,Male,Okrouhlice
962,Bathsheba,Stadden,Female,Dahuang
963,Russell,Carlon,Male,Tiantai
964,Hermann,Drane,Male,Kusi
965,Jolee,Baskeyfied,Female,Shengli
966,Lorry,Draper,Male,Horred
967,Debby,Shapero,Female,Skokovi
968,Georas,Attlee,Male,Borzęcin
969,Gilles,Pruce,Male,Danglang Hudong
970,Brose,Panswick,Male,Jarada
971,Betteann,Worvell,Female,Jinan
972,Paten,Zute,Male,Oelui
973,Mac,Plail,Male,Lecherías
974,Trumann,Burnie,Male,Banawang
975,Zacharias,Sibery,Male,Fort-de-France
976,Blinni,Tufts,Female,Yanxi
977,Fidelity,Scarlet,Female,Fantan
978,Joletta,Shakspeare,Female,Oslo
979,Monro,Luten,Male,Cinagrog Girang
980,Joyann,McPhillimey,Female,Des Moines
981,Chico,Sarjant,Male,Versailles
982,Minni,Reijmers,Female,Mushu
983,Raynor,Hanhard,Male,Luoshan
984,Vonny,Dunham,Female,Bakıxanov
985,Amaleta,Rootham,Female,"Hospitalet De Llobregat, L'"
986,Gabe,Camili,Male,Honggang
987,Uriel,Lohden,Male,Shreveport
988,Dinny,Tale,Female,Hantang
989,Sheila-kathryn,Dilleston,Female,Prata
990,Tobi,Molfino,Female,Las Animas
991,Geoff,Brickett,Male,Janaúba
992,Cordelia,Thorpe,Female,Tres Arroyos
993,Lizzie,Frankowski,Female,Sakhnīn
994,Ninetta,Joder,Female,Sumberjo
995,Gray,Kopec,Male,Ohafia-Ifigh
996,Doreen,Wrist,Female,Calais
997,Garey,Boow,Male,Laiya
998,Myranda,Rigmand,Female,Krasnogorodskoye
999,Roshelle,Simanek,Female,Gulou
1000,Lydia,Libbis,Female,Wang Yang
